{"cameraMode":{"drawMode":0,"name":"Shaded","section":"Shading Mode"},"sceneLighting":false,"audioPlay":false,"sceneViewState":{"showFog":true,"showMaterialUpdate":false,"showSkybox":false,"showFlares":true,"showImageEffects":true,"showParticleSystems":true,"showVisualEffectGraphs":true,"m_FxEnabled":true},"in2DMode":false,"pivot":{"x":-1.210997462272644,"y":4.210580348968506,"z":-0.9198107123374939},"rotation":{"x":0.046483516693115237,"y":0.006300040986388922,"z":0.00029716655262745917,"w":-0.998892068862915},"size":1.5701375007629395,"orthographic":false}